{
    "titi": {
        "moyenne": 13.333333333333334,
        "min": 10,
        "max": 17
    },
    "toto": {
        "moyenne": 14.666666666666666,
        "min": 11,
        "max": 19
    },
    "tata": {
        "moyenne": 12,
        "min": 8,
        "max": 15
    },
    "tutu": {
        "moyenne": 14,
        "min": 13,
        "max": 15
    }
}